name,datetime,tempmax,tempmin,temp,feelslikemax,feelslikemin,feelslike,dew,humidity,precip,precipprob,precipcover,preciptype,snow,snowdepth,windgust,windspeed,winddir,sealevelpressure,cloudcover,visibility,solarradiation,solarenergy,uvindex,severerisk,sunrise,sunset,moonphase,conditions,description,icon,stations
"Boston, MA, United States",2023-09-09,29.3,21.1,24.2,33.1,21.1,24.8,21.0,82.8,3.453,100.0,20.83,rain,0,0.0,31.7,20.4,184.9,1018.6,90.4,14.1,74.1,6.5,5,60,2023-09-09T06:17:34,2023-09-09T19:04:58,0.82,"Rain, Overcast",Cloudy skies throughout the day with storms possible.,rain,"KOWD,AV085,KBED,0518W,KBOS"
"Boston, MA, United States",2023-09-10,24.5,21.7,22.8,24.5,21.7,22.8,21.0,90.1,17.4,56.0,58.33,rain,0,0.0,16.6,11.2,158.7,1019.9,89.2,4.7,96.8,8.2,3,30,2023-09-10T06:18:37,2023-09-10T19:03:13,0.85,"Rain, Partially cloudy",Partly cloudy throughout the day with storms possible.,rain,
"Boston, MA, United States",2023-09-11,22.8,21.7,22.3,22.8,21.7,22.3,20.6,90.6,10.5,63.0,29.17,rain,0,0.0,18.4,13.0,148.9,1016.5,78.2,11.2,134.0,11.5,4,10,2023-09-11T06:19:41,2023-09-11T19:01:28,0.89,"Rain, Partially cloudy",Partly cloudy throughout the day with rain in the morning and afternoon.,rain,
"Boston, MA, United States",2023-09-12,21.7,20.6,21.2,21.7,20.6,21.2,19.6,90.9,0.0,18.0,0.0,,0,0.0,22.3,14.8,74.6,1016.8,67.7,8.3,175.9,15.3,4,10,2023-09-12T06:20:44,2023-09-12T18:59:43,0.92,Partially cloudy,Partly cloudy throughout the day.,partly-cloudy-day,
"Boston, MA, United States",2023-09-13,23.3,19.6,21.5,23.3,19.6,21.5,19.8,90.4,2.1,68.0,12.5,rain,0,0.0,30.2,20.2,146.6,1012.3,84.3,16.5,48.8,4.2,1,10,2023-09-13T06:21:47,2023-09-13T18:57:57,0.95,"Rain, Partially cloudy",Partly cloudy throughout the day with afternoon rain.,rain,
"Boston, MA, United States",2023-09-14,23.2,18.1,20.8,23.2,18.1,20.8,16.6,77.5,1.3,68.0,12.5,rain,0,0.0,31.7,21.6,282.4,1014.3,51.2,24.1,232.4,20.1,6,10,2023-09-14T06:22:50,2023-09-14T18:56:11,0.0,"Rain, Partially cloudy",Partly cloudy throughout the day with a chance of rain.,rain,
"Boston, MA, United States",2023-09-15,22.2,15.1,18.7,22.2,15.1,18.7,12.5,67.8,0.9,12.0,12.5,rain,0,0.0,31.0,20.9,323.8,1014.0,32.7,24.1,132.8,11.3,4,10,2023-09-15T06:23:54,2023-09-15T18:54:25,0.02,Partially cloudy,Partly cloudy throughout the day.,partly-cloudy-day,
"Boston, MA, United States",2023-09-16,22.3,15.4,18.8,22.3,15.4,18.8,12.5,67.5,1.8,16.0,16.67,rain,0,0.0,38.2,24.8,344.2,1010.4,46.8,24.1,257.0,22.2,6,10,2023-09-16T06:24:57,2023-09-16T18:52:39,0.06,Partially cloudy,Partly cloudy throughout the day.,partly-cloudy-day,
"New York, NY, United States",2023-09-09,29.8,23.4,25.4,33.8,23.4,26.1,22.0,82.0,0.034,100.0,8.33,rain,0,0.0,31.7,10.7,194.3,1018.3,73.4,14.8,133.3,11.6,9,75,2023-09-09T06:30:36,2023-09-09T19:15:35,0.82,"Rain, Partially cloudy",Partly cloudy throughout the day with strong storms possible.,rain,"KLGA,KJRB,F1417,KNYC"
"New York, NY, United States",2023-09-10,27.3,23.4,24.8,29.4,23.4,25.2,21.4,82.0,14.9,66.0,50.0,rain,0,0.0,13.0,11.2,166.9,1019.3,81.4,14.9,75.9,6.3,3,30,2023-09-10T06:31:34,2023-09-10T19:13:55,0.85,"Rain, Partially cloudy",Partly cloudy throughout the day with storms possible.,rain,
"New York, NY, United States",2023-09-11,27.3,21.7,24.5,29.0,21.7,24.7,20.6,79.2,7.5,58.0,33.33,rain,0,0.0,18.4,13.0,168.3,1015.8,65.0,16.0,175.3,15.1,5,30,2023-09-11T06:32:33,2023-09-11T19:12:15,0.89,"Rain, Partially cloudy",Partly cloudy throughout the day with storms possible.,rain,
"New York, NY, United States",2023-09-12,27.3,21.7,24.3,28.6,21.7,24.5,19.9,76.8,0.0,33.0,0.0,,0,0.0,22.7,14.8,153.1,1015.3,55.5,16.4,247.0,21.3,6,30,2023-09-12T06:33:31,2023-09-12T19:10:34,0.92,Partially cloudy,Partly cloudy throughout the day with storms possible.,partly-cloudy-day,
"New York, NY, United States",2023-09-13,25.4,21.6,23.3,25.4,21.6,23.3,19.7,80.3,2.8,75.0,16.67,rain,0,0.0,27.4,18.7,241.1,1012.6,81.9,22.0,121.8,10.4,4,10,2023-09-13T06:34:30,2023-09-13T19:08:53,0.95,"Rain, Partially cloudy",Partly cloudy throughout the day with early morning rain.,rain,
"New York, NY, United States",2023-09-14,24.0,18.6,21.1,24.0,18.6,21.1,13.9,64.3,0.6,62.0,8.33,rain,0,0.0,31.7,20.2,317.4,1016.7,34.3,24.1,266.4,23.0,7,10,2023-09-14T06:35:28,2023-09-14T19:07:12,0.0,"Rain, Partially cloudy",Partly cloudy throughout the day with a chance of rain.,rain,
"New York, NY, United States",2023-09-15,24.2,16.7,20.2,24.2,16.7,20.2,11.5,58.1,0.6,7.0,8.33,rain,0,0.0,31.0,20.5,345.8,1015.8,20.2,24.1,262.9,22.7,6,10,2023-09-15T06:36:27,2023-09-15T19:05:31,0.02,Partially cloudy,Partly cloudy throughout the day.,partly-cloudy-day,
"New York, NY, United States",2023-09-16,24.7,16.9,20.6,24.7,16.9,20.6,12.0,58.6,0.9,9.0,12.5,rain,0,0.0,31.0,21.2,346.8,1013.5,31.8,24.1,264.8,22.9,7,10,2023-09-16T06:37:25,2023-09-16T19:03:50,0.06,Partially cloudy,Partly cloudy throughout the day.,partly-cloudy-day,
"Chicago, IL, United States",2023-09-09,23.6,13.3,18.4,23.6,13.3,18.4,11.7,67.5,0.0,0.0,0.0,,0,0.0,31.7,19.8,17.6,1021.2,29.5,16.0,59.8,5.0,4,10,2023-09-09T06:24:17,2023-09-09T19:10:51,0.82,Partially cloudy,Partly cloudy throughout the day.,partly-cloudy-day,"KORD,KMDW,F1983,KPWK"
"Chicago, IL, United States",2023-09-10,23.4,15.6,19.9,23.4,15.6,19.9,14.0,69.4,0.3,18.0,4.17,rain,0,0.0,18.4,14.8,74.8,1020.6,30.0,15.4,227.6,19.6,7,10,2023-09-10T06:25:18,2023-09-10T19:09:07,0.85,Partially cloudy,Partly cloudy throughout the day.,partly-cloudy-day,
"Chicago, IL, United States",2023-09-11,20.0,18.2,19.3,20.0,18.2,19.3,16.3,83.2,13.3,66.0,25.0,rain,0,0.0,20.5,13.0,264.1,1018.3,93.6,11.5,54.8,4.8,2,10,2023-09-11T06:26:20,2023-09-11T19:07:24,0.89,"Rain, Overcast",Cloudy skies throughout the day with a chance of rain.,rain,
"Chicago, IL, United States",2023-09-12,18.4,16.1,17.2,18.4,16.1,17.2,14.3,83.2,9.6,59.0,33.33,rain,0,0.0,33.5,22.3,349.3,1018.5,58.8,17.3,230.4,20.0,6,10,2023-09-12T06:27:22,2023-09-12T19:05:40,0.92,"Rain, Partially cloudy",Partly cloudy throughout the day with early morning rain.,rain,
"Chicago, IL, United States",2023-09-13,17.8,13.5,15.9,17.8,13.5,15.9,10.2,69.4,0.6,29.0,8.33,rain,0,0.0,31.7,21.6,359.5,1020.5,24.8,24.1,221.4,19.1,6,10,2023-09-13T06:28:24,2023-09-13T19:03:55,0.95,Partially cloudy,Partly cloudy throughout the day.,partly-cloudy-day,
"Chicago, IL, United States",2023-09-14,19.9,12.2,16.3,19.9,12.2,16.3,9.1,63.4,0.0,5.0,0.0,,0,0.0,22.7,14.8,318.1,1020.5,13.7,24.1,234.9,20.2,6,10,2023-09-14T06:29:26,2023-09-14T19:02:11,0.0,Clear,Clear conditions throughout the day.,clear-day,
"Chicago, IL, United States",2023-09-15,21.4,12.8,17.4,21.4,12.8,17.4,10.2,63.4,0.0,2.0,0.0,,0,0.0,20.9,14.4,173.6,1018.9,42.3,24.1,124.1,10.6,4,10,2023-09-15T06:30:28,2023-09-15T19:00:26,0.02,Partially cloudy,Partly cloudy throughout the day.,partly-cloudy-day,
"Chicago, IL, United States",2023-09-16,21.5,14.6,18.2,21.5,14.6,18.2,12.4,69.4,0.0,12.0,0.0,,0,0.0,22.7,15.5,274.6,1013.4,55.8,22.3,23.3,1.9,1,10,2023-09-16T06:31:30,2023-09-16T18:58:42,0.06,Partially cloudy,Partly cloudy throughout the day.,partly-cloudy-day,
"Orlando, FL, United States",2023-09-09,32.6,21.2,26.4,35.8,21.2,27.7,21.2,75.3,0.0,5.0,0.0,,0,0.0,14.8,17.2,145.8,1014.9,19.6,16.0,223.5,19.2,9,30,2023-09-09T07:07:30,2023-09-09T19:37:54,0.82,Clear,Clear conditions throughout the day.,clear-day,"1341W,KISM,KORL,KMCO"
"Orlando, FL, United States",2023-09-10,33.4,23.4,28.0,37.7,23.4,30.0,23.3,78.1,9.4,44.0,20.83,rain,0,0.0,18.4,13.0,139.5,1016.0,16.5,16.3,258.1,22.3,8,30,2023-09-10T07:07:59,2023-09-10T19:36:43,0.85,Clear,Clear conditions throughout the day with storms possible.,clear-day,
"Orlando, FL, United States",2023-09-11,33.9,23.9,27.9,39.6,23.9,30.5,23.9,80.8,2.4,58.0,12.5,rain,0,0.0,20.5,14.8,100.2,1016.8,20.6,16.3,260.1,22.4,8,60,2023-09-11T07:08:28,2023-09-11T19:35:32,0.89,"Rain, Partially cloudy",Partly cloudy throughout the day with storms possible.,rain,
"Orlando, FL, United States",2023-09-12,33.4,24.5,28.0,38.2,24.5,30.3,23.8,79.4,1.7,53.0,16.67,rain,0,0.0,20.5,14.8,63.8,1015.3,22.6,17.3,167.3,14.5,6,60,2023-09-12T07:08:57,2023-09-12T19:34:21,0.92,"Rain, Partially cloudy",Partly cloudy throughout the day with storms possible.,rain,
"Orlando, FL, United States",2023-09-13,31.4,24.8,27.6,36.2,24.8,29.8,23.6,80.1,0.0,50.0,0.0,rain,0,0.0,20.2,14.4,35.5,1012.5,15.0,24.1,253.9,21.9,7,30,2023-09-13T07:09:26,2023-09-13T19:33:09,0.95,Rain,Clear conditions throughout the day with storms possible.,rain,
"Orlando, FL, United States",2023-09-14,31.6,24.6,27.4,36.1,24.6,29.2,23.3,79.4,0.6,45.0,8.33,rain,0,0.0,25.2,17.3,28.8,1012.0,15.7,24.1,160.8,14.0,6,10,2023-09-14T07:09:55,2023-09-14T19:31:58,0.0,Clear,Clear conditions throughout the day.,clear-day,
"Orlando, FL, United States",2023-09-15,29.8,24.7,26.7,33.4,24.7,28.1,22.7,79.3,0.6,48.0,8.33,rain,0,0.0,31.0,20.2,37.6,1015.3,16.2,21.5,231.4,19.9,5,10,2023-09-15T07:10:24,2023-09-15T19:30:46,0.02,Rain,Clear conditions throughout the day with afternoon rain.,rain,
"Orlando, FL, United States",2023-09-16,29.2,23.4,25.9,31.7,23.4,26.7,21.3,76.4,0.6,46.0,8.33,rain,0,0.0,28.1,18.4,59.8,1014.9,22.1,20.5,219.0,18.9,5,10,2023-09-16T07:10:53,2023-09-16T19:29:34,0.06,"Rain, Partially cloudy",Partly cloudy throughout the day with a chance of rain.,rain,
"São Paulo, SP, Brasil",2023-09-09,26.5,17.3,21.5,26.5,17.3,21.5,15.1,68.4,0.1,100.0,4.17,rain,0,0.0,44.3,22.4,313.5,1020.1,74.7,10.0,79.2,6.8,6,10,2023-09-09T06:09:46,2023-09-09T17:58:41,0.82,"Rain, Partially cloudy",Partly cloudy throughout the day with afternoon rain.,rain,"SBMT,SBKP,F7461,SBSP,SBGR"
"São Paulo, SP, Brasil",2023-09-10,26.6,18.3,21.4,26.6,18.3,21.4,14.6,66.0,0.0,0.0,0.0,,0,0.0,21.6,18.4,138.3,1019.3,30.1,24.1,263.8,22.7,9,10,2023-09-10T06:08:45,2023-09-10T17:59:00,0.85,Partially cloudy,Clearing in the afternoon.,partly-cloudy-day,
"São Paulo, SP, Brasil",2023-09-11,31.1,17.4,24.1,29.3,17.4,23.6,12.0,52.6,0.0,0.0,0.0,,0,0.0,19.4,12.2,82.0,1016.4,0.1,24.1,275.5,23.8,9,10,2023-09-11T06:07:44,2023-09-11T17:59:19,0.89,Clear,Clear conditions throughout the day.,clear-day,
"São Paulo, SP, Brasil",2023-09-12,32.4,19.3,25.7,30.2,19.3,25.0,6.9,31.9,0.0,0.0,0.0,,0,0.0,45.0,14.4,356.7,1014.0,0.0,24.1,280.5,24.2,9,10,2023-09-12T06:06:43,2023-09-12T17:59:37,0.92,Clear,Clear conditions throughout the day.,clear-day,
"São Paulo, SP, Brasil",2023-09-13,34.3,20.2,27.5,31.9,20.2,26.4,6.7,28.3,0.0,0.0,0.0,,0,0.0,38.5,19.1,340.4,1009.9,15.4,24.1,280.3,24.4,9,10,2023-09-13T06:05:42,2023-09-13T17:59:56,0.95,Clear,Clear conditions throughout the day.,clear-day,
"São Paulo, SP, Brasil",2023-09-14,26.3,14.6,21.0,26.3,14.6,21.0,13.4,63.8,8.1,95.2,12.5,rain,0,0.0,42.8,27.4,170.6,1012.5,77.5,23.0,177.7,15.6,9,10,2023-09-14T06:04:41,2023-09-14T18:00:15,0.0,"Rain, Partially cloudy",Partly cloudy throughout the day with late afternoon rain.,rain,
"São Paulo, SP, Brasil",2023-09-15,14.4,11.7,13.1,14.4,11.7,13.1,9.4,78.6,11.4,81.0,29.17,rain,0,0.0,30.6,21.6,166.0,1019.0,87.9,23.2,84.5,7.3,4,10,2023-09-15T06:03:39,2023-09-15T18:00:34,0.02,"Rain, Partially cloudy",Partly cloudy throughout the day with a chance of rain.,rain,
"São Paulo, SP, Brasil",2023-09-16,25.1,11.2,16.3,25.1,11.2,16.3,8.3,61.6,0.1,9.5,4.17,rain,0,0.0,31.3,19.1,116.3,1018.5,21.7,24.1,290.0,25.2,9,10,2023-09-16T06:02:37,2023-09-16T18:00:53,0.05,Partially cloudy,Partly cloudy throughout the day.,partly-cloudy-day,
"Rio de Janeiro, RJ, Brasil",2023-09-09,30.0,21.9,24.7,30.7,21.9,24.9,18.8,70.6,0.0,0.0,0.0,,0,,19.1,25.7,218.9,1015.4,18.8,10.0,253.5,21.9,9,10,2023-09-09T05:55:35,2023-09-09T17:45:01,0.82,Clear,Clear conditions throughout the day.,clear-day,"SBRJ,SBJR,SBGL,SBAF,F0496,SBSC"
"Rio de Janeiro, RJ, Brasil",2023-09-10,25.1,21.4,22.8,25.1,21.4,22.8,18.7,77.7,0.0,0.0,0.0,,0,,22.0,22.7,241.9,1019.0,54.2,24.1,228.7,19.8,8,10,2023-09-10T05:54:36,2023-09-10T17:45:19,0.85,Partially cloudy,Partly cloudy throughout the day.,partly-cloudy-day,
"Rio de Janeiro, RJ, Brasil",2023-09-11,26.4,20.6,23.4,26.4,20.6,23.4,18.2,73.3,0.0,0.0,0.0,,0,,29.9,18.7,73.3,1017.5,0.0,24.1,266.8,23.1,9,10,2023-09-11T05:53:36,2023-09-11T17:45:36,0.89,Clear,Clear conditions throughout the day.,clear-day,
"Rio de Janeiro, RJ, Brasil",2023-09-12,29.0,21.2,24.8,28.7,21.2,24.9,16.4,60.5,0.0,0.0,0.0,,0,,27.7,18.0,53.8,1014.3,0.0,24.1,271.8,23.4,9,10,2023-09-12T05:52:36,2023-09-12T17:45:54,0.92,Clear,Clear conditions throughout the day.,clear-day,
"Rio de Janeiro, RJ, Brasil",2023-09-13,31.1,22.6,26.6,31.0,22.6,26.7,17.0,57.0,0.0,0.0,0.0,,0,,23.8,19.4,32.1,1010.1,0.0,24.1,270.7,23.3,9,10,2023-09-13T05:51:36,2023-09-13T17:46:12,0.95,Clear,Clear conditions throughout the day.,clear-day,
"Rio de Janeiro, RJ, Brasil",2023-09-14,25.4,20.7,23.4,25.4,20.7,23.4,18.6,75.4,0.4,61.9,8.33,rain,0,,42.8,29.5,253.4,1010.4,44.5,23.0,270.1,23.4,9,10,2023-09-14T05:50:36,2023-09-14T17:46:29,0.0,"Rain, Partially cloudy",Partly cloudy throughout the day with late afternoon rain.,rain,
"Rio de Janeiro, RJ, Brasil",2023-09-15,20.4,17.4,18.8,20.4,17.4,18.8,16.3,85.9,16.4,90.5,33.33,rain,0,,42.1,33.8,225.4,1017.2,99.2,16.0,14.4,1.5,1,10,2023-09-15T05:49:36,2023-09-15T17:46:47,0.02,"Rain, Overcast",Cloudy skies throughout the day with a chance of rain throughout the day.,rain,
"Rio de Janeiro, RJ, Brasil",2023-09-16,20.3,17.3,18.8,20.3,17.3,18.8,13.0,69.3,1.9,42.9,20.83,rain,0,,27.7,19.8,90.3,1020.7,41.5,23.9,210.6,18.0,8,10,2023-09-16T05:48:35,2023-09-16T17:47:05,0.05,Partially cloudy,Partly cloudy throughout the day.,partly-cloudy-day,
"Brasília, DF, Brasil",2023-09-09,30.0,17.0,23.5,28.3,17.0,23.1,8.6,41.0,0.0,0.0,0.0,,0,0.0,37.8,18.4,105.0,1020.8,14.4,10.6,294.8,25.3,10,10,2023-09-09T06:11:44,2023-09-09T18:06:47,0.82,Clear,Clear conditions throughout the day.,clear-day,"SBBR,remote"
"Brasília, DF, Brasil",2023-09-10,30.2,19.6,24.6,28.3,19.6,24.1,5.6,30.8,0.0,0.0,0.0,,0,0.0,38.5,18.7,95.4,1016.0,0.0,24.1,299.2,25.7,10,10,2023-09-10T06:10:58,2023-09-10T18:06:52,0.85,Clear,Clear conditions throughout the day.,clear-day,
"Brasília, DF, Brasil",2023-09-11,30.0,18.9,24.5,28.2,18.9,24.0,4.6,28.4,0.0,0.0,0.0,,0,0.0,46.8,23.0,76.0,1015.1,0.0,24.1,300.4,25.8,10,10,2023-09-11T06:10:11,2023-09-11T18:06:57,0.89,Clear,Clear conditions throughout the day.,clear-day,
"Brasília, DF, Brasil",2023-09-12,32.0,19.4,25.8,30.0,19.4,25.1,6.6,30.3,0.0,0.0,0.0,,0,0.0,43.6,20.5,73.5,1013.4,19.5,24.1,296.8,25.6,10,10,2023-09-12T06:09:24,2023-09-12T18:07:01,0.92,Clear,Clear conditions throughout the day.,clear-day,
"Brasília, DF, Brasil",2023-09-13,33.8,22.2,27.8,31.5,22.2,26.8,7.1,28.2,0.0,0.0,0.0,,0,0.0,36.7,19.4,60.7,1011.5,26.2,24.1,297.7,25.7,10,10,2023-09-13T06:08:37,2023-09-13T18:07:06,0.95,Partially cloudy,Partly cloudy throughout the day.,partly-cloudy-day,
"Brasília, DF, Brasil",2023-09-14,34.9,23.4,28.8,32.6,23.4,27.7,7.9,28.1,0.0,9.5,0.0,,0,0.0,36.7,23.0,334.9,1010.5,49.6,24.1,264.7,22.9,10,10,2023-09-14T06:07:50,2023-09-14T18:07:11,0.0,Partially cloudy,Becoming cloudy in the afternoon.,partly-cloudy-day,
"Brasília, DF, Brasil",2023-09-15,30.2,19.1,23.9,29.3,19.1,23.8,14.8,58.4,3.2,33.3,12.5,rain,0,0.0,47.2,29.2,173.0,1013.2,48.3,24.0,209.3,18.0,9,10,2023-09-15T06:07:02,2023-09-15T18:07:16,0.02,Partially cloudy,Becoming cloudy in the afternoon.,partly-cloudy-day,
"Brasília, DF, Brasil",2023-09-16,31.3,18.8,22.9,30.1,18.8,22.8,13.9,58.1,12.7,52.4,16.67,rain,0,0.0,45.4,25.6,135.7,1014.0,90.3,19.9,196.0,17.1,8,10,2023-09-16T06:06:15,2023-09-16T18:07:20,0.05,"Rain, Overcast",Cloudy skies throughout the day with late afternoon rain.,rain,
"Belo Horizonte, MG, Brasil",2023-09-09,28.8,15.0,21.5,27.5,15.0,21.3,9.4,48.9,0.0,0.0,0.0,,0,0.0,24.5,15.9,83.5,1021.7,11.8,10.0,287.5,25.0,10,10,2023-09-09T05:57:25,2023-09-09T17:49:15,0.82,Clear,Clear conditions throughout the day.,clear-day,"SBLS,SBBH,SBCF"
"Belo Horizonte, MG, Brasil",2023-09-10,29.0,15.9,21.8,27.6,15.9,21.6,9.7,48.3,0.0,0.0,0.0,,0,0.0,34.2,19.1,81.3,1018.9,6.1,24.1,285.0,24.6,10,10,2023-09-10T05:56:31,2023-09-10T17:49:27,0.85,Clear,Clear conditions throughout the day.,clear-day,
"Belo Horizonte, MG, Brasil",2023-09-11,27.0,15.5,20.6,26.3,15.5,20.5,9.0,50.1,0.0,0.0,0.0,,0,0.0,39.6,19.8,69.9,1019.4,0.0,24.1,290.0,25.0,10,10,2023-09-11T05:55:37,2023-09-11T17:49:39,0.89,Clear,Clear conditions throughout the day.,clear-day,
"Belo Horizonte, MG, Brasil",2023-09-12,28.8,14.9,21.6,27.3,14.9,21.3,8.7,48.9,0.0,0.0,0.0,,0,0.0,40.0,14.4,74.0,1017.5,0.0,24.1,293.4,25.5,10,10,2023-09-12T05:54:43,2023-09-12T17:49:51,0.92,Clear,Clear conditions throughout the day.,clear-day,
"Belo Horizonte, MG, Brasil",2023-09-13,31.2,16.0,22.9,29.4,16.0,22.5,11.9,55.9,0.0,0.0,0.0,,0,0.0,31.0,13.7,70.9,1014.5,8.5,24.1,288.2,24.8,10,10,2023-09-13T05:53:48,2023-09-13T17:50:03,0.95,Clear,Clear conditions throughout the day.,clear-day,
"Belo Horizonte, MG, Brasil",2023-09-14,33.2,17.6,25.2,31.4,17.6,24.7,12.1,47.8,0.2,14.3,4.17,rain,0,0.0,24.5,10.4,54.7,1011.2,40.5,24.1,293.6,25.2,10,10,2023-09-14T05:52:53,2023-09-14T17:50:16,0.0,Partially cloudy,Becoming cloudy in the afternoon.,partly-cloudy-day,
"Belo Horizonte, MG, Brasil",2023-09-15,27.3,16.8,22.7,27.1,16.8,22.7,13.5,57.4,0.6,66.7,16.67,rain,0,0.0,42.5,17.3,208.9,1013.1,85.8,23.7,171.1,14.9,6,10,2023-09-15T05:51:59,2023-09-15T17:50:28,0.02,"Rain, Partially cloudy",Partly cloudy throughout the day with late afternoon rain.,rain,
"Belo Horizonte, MG, Brasil",2023-09-16,24.3,13.8,18.5,24.3,13.8,18.5,12.3,68.2,0.0,42.9,0.0,,0,0.0,31.0,17.3,81.8,1017.5,66.0,24.1,254.9,22.0,8,10,2023-09-16T05:51:04,2023-09-16T17:50:40,0.05,Partially cloudy,Partly cloudy throughout the day.,partly-cloudy-day,
